{
	"version": 2,
	"title": "CleanBC",
	"settings": {
		"appearanceTools": true,
		"color": {
			"palette": [
				{
					"slug": "primary-brand",
					"color": "#002A4E",
					"name": "River 1 – Primary (Brand)"
				},
				{
					"slug": "secondary-brand",
					"color": "#005C97",
					"name": "River 2 – Secondary (Brand)"
				},
				{
					"slug": "accent",
					"color": "#7FBC42",
					"name": "Leaf Green – Accent (Brand)"
				},
				{
					"slug": "secondary-accent",
					"color": "#61A744",
					"name": "Douglas Fir – Secondary Accent"
				},
				{
					"slug": "headline-color",
					"color": "#002A4F",
					"name": "Headline Colour"
				},
				{
					"slug": "text-color",
					"color": "#111111",
					"name": "Text Colour"
				},
				{
					"slug": "tertiary",
					"color": "#008FB4",
					"name": "Sky – Tertiary"
				},
				{
					"slug": "quarternary",
					"color": "#80946D",
					"name": "Public Sector – Quarternary"
				},
				{
					"slug": "quinary",
					"color": "#fdb813",
					"name": "BC Yellow – Quinary"
				},
				{
					"slug": "senary",
					"color": "#ED3F45",
					"name": "Personal Travel – Senary"
				},
				{
					"slug": "septenary",
					"color": "#148B61",
					"name": "Low Carbon Energy – Septenary"
				},
				{
					"slug": "octonary",
					"color": "#23A0A8",
					"name": "Circular Economy – Octonary"
				},
				{
					"slug": "nonary",
					"color": "#F79F31",
					"name": "Communities – Nonary"
				},
				{
					"slug": "denary",
					"color": "#EB7D3B",
					"name": "Electricity – Denary"
				},
				{
					"slug": "ondenary",
					"color": "#833238",
					"name": "Forest Bioeconomy – Ondenary"
				},
				{
					"slug": "duodenary",
					"color": "#7C7E81",
					"name": "Buildings – Duodenary"
				},
				{
					"slug": "tridenary",
					"color": "#903E88",
					"name": "Negative Emissions Tech – Tridenary"
				},
				{
					"slug": "quadenary",
					"color": "#185282",
					"name": "Industry Oil and Gas – Quadenary"
				},
				{
					"slug": "gray-80",
					"color": "#656565",
					"name": "Gray 80"
				},
				{
					"slug": "gray-60",
					"color": "#A1A1A1",
					"name": "Gray 60"
				},
				{
					"slug": "gray-40",
					"color": "#C7C7C7",
					"name": "Gray 40"
				},
				{
					"slug": "foreground",
					"color": "#222222",
					"name": "Foreground"
				},
				{
					"slug": "background",
					"color": "#ffffff",
					"name": "Background"
				},
				{
					"slug": "transparent",
					"color": "transparent",
					"name": "Transparent"
				}
			],
			"gradients": [
				{
					"name": "Primary (Brand) Opacity",
					"slug": "primary-brand-opacity",
					"gradient": "linear-gradient(0deg, rgba(0,42,78,0.12) 0%, rgba(0,42,78,0.36) 100%)"
				},
				{
					"name": "Secondary (Brand) Opacity",
					"slug": "secondary-brand-opacity",
					"gradient": "linear-gradient(0deg, rgba(0,92,151,0.12) 0%, rgba(0,92,151,0.36) 100%)"
				},
				{
					"name": "Leaf Green Accent (Brand) Opacity",
					"slug": "accent-brand-opacity",
					"gradient": "linear-gradient(0deg, rgba(127, 188, 66,0.12) 0%, rgba(127, 188, 66,0.36) 100%)"
				},
				{
					"name": "Douglas Fir Secondary Accent Opacity",
					"slug": "secondary-accent-opacity",
					"gradient": "linear-gradient(0deg, rgba(97, 167, 68,0.12) 0%, rgba(97, 167, 68,0.36) 100%)"
				},
				{
					"name": "Sky Opacity",
					"slug": "tertiary-opacity",
					"gradient": "linear-gradient(0deg, rgba(0,143,180,0.12) 0%, rgba(0,143,180,0.36) 100%)"
				},
				{
					"name": "Public Sector Opacity",
					"slug": "quarternary-opacity",
					"gradient": "linear-gradient(0deg, rgba(128, 148, 109,0.12) 0%, rgba(128, 148, 109,0.36) 100%)"
				},
				{
					"name": "BC Yellow Opacity",
					"slug": "quinary-opacity",
					"gradient": "linear-gradient(0deg, rgba(145,173,250,0.12) 0%, rgba(145,173,250,0.36) 100%)"
				},
				{
					"name": "Personal Travel Opacity",
					"slug": "senary-opacity",
					"gradient": "linear-gradient(0deg, rgba(237,63,69,0.12) 0%, rgba(237,63,69,0.36) 100%)"
				},
				{
					"name": "Low Carbon Energy Opacity",
					"slug": "septenary-opacity",
					"gradient": "linear-gradient(0deg, rgba(20,139,97,0.12) 0%, rgba(20,139,97,0.36) 100%)"
				},
				{
					"name": "Circular Economy Opacity",
					"slug": "octonary-opacity",
					"gradient": "linear-gradient(0deg, rgba(35,160,168,0.12) 0%, rgba(35,160,168,0.36) 100%)"
				},
				{
					"name": "Communities Opacity",
					"slug": "nonary-opacity",
					"gradient": "linear-gradient(0deg, rgba(247,159,49,0.12) 0%, rgba(247,159,49,0.36) 100%)"
				},
				{
					"name": "Electricity Opacity",
					"slug": "denary-opacity",
					"gradient": "linear-gradient(0deg, rgba(235,125,59,0.12) 0%, rgba(235,125,59,0.36) 100%)"
				},
				{
					"name": "Forest Bioeconomy Opacity",
					"slug": "ondenary-opacity",
					"gradient": "linear-gradient(0deg, rgba(131,50,56,0.12) 0%, rgba(131,50,56,0.36) 100%)"
				},
				{
					"name": "Buildings Opacity",
					"slug": "duodenary-opacity",
					"gradient": "linear-gradient(0deg, rgba(124,126,129,0.12) 0%, rgba(124,126,129,0.36) 100%)"
				},
				{
					"name": "Negative Emissions Tech Opacity",
					"slug": "tridenary-opacity",
					"gradient": "linear-gradient(0deg, rgba(144,62,136,0.12) 0%, rgba(144,62,136,0.36) 100%)"
				},
				{
					"name": "Industry Oil and Gas Opacity",
					"slug": "quadenary-opacity",
					"gradient": "linear-gradient(0deg, rgba(24,82,130,0.12) 0%, rgba(24,82,130,0.36) 100%)"
				}
			]
		},
		"spacing": {
			"blockGap": null
		},
		"typography": {
			"fontSizes": [
				{
					"slug": "extra-small",
					"size": "1rem",
					"name": "Extra small"
				},
				{
					"slug": "small",
					"size": "1.125rem",
					"name": "Small"
				},
				{
					"slug": "normal",
					"size": "1.25rem",
					"name": "Normal"
				},
				{
					"slug": "large",
					"size": "1.5rem",
					"name": "Large"
				},
				{
					"slug": "extra-large",
					"size": "2rem",
					"name": "Extra large"
				}
			],
			"fontFamilies": []
		},
		"custom": {}
	},
	"styles": {
		"color": {
			"background": "var(--wp--preset--color--background)",
			"text": "var(--wp--preset--color--foreground)"
		},
		"elements": {
			"h1": {
				"color": {
					"text": "var(--wp--preset--color--foreground)"
				}
			},
			"h2": {
				"color": {
					"text": "var(--wp--preset--color--foreground)"
				}
			},
			"h3": {
				"color": {
					"text": "var(--wp--preset--color--foreground)"
				}
			},
			"h4": {
				"color": {
					"text": "var(--wp--preset--color--foreground)"
				}
			},
			"h5": {
				"color": {
					"text": "var(--wp--preset--color--foreground)"
				}
			},
			"h6": {
				"color": {
					"text": "var(--wp--preset--color--foreground)"
				}
			},
			"link": {
				"color": {
					"text": "var(--wp--preset--color--foreground)"
				}
			}
		}
	}
}