{
	"version": 2,
	"title": "Smaller Text",
	"patterns": [
		"bcgov-hero-banner"
	],
	"settings": {	
		"typography": {
			"fluid": true,
			"fontSizes": [
				{
					"slug": "small",
					"size": "1rem",
					"fluid": {
						"min": "0.875rem",
						"max": "1rem"
					},
					"name": "Small"
				},
				{
					"slug": "medium",
					"size": "1.2rem",
					"fluid": {
						"min": "1rem",
						"max": "1.2rem"
					},
					"name": "Medium"
				},
				{
					"slug": "large",
					"size": "1.44rem",
					"fluid": {
						"min": "1.2rem",
						"max": "1.44rem"
					},
					"name": "Large"
				},
				{
					"slug": "extra-large",
					"size": "1.728rem",
					"fluid": {
						"min": "1.44rem",
						"max": "1.728rem"
					},
					"name": "Extra Large"
				},
				{
					"slug": "extra-extra-large",
					"size": "2.074rem",
					"fluid": {
						"min": "1.728rem",
						"max": "2.074rem"
					},
					"name": "Extra Extra large"
				}
			],
			"fontFamilies": []
		},
		"custom": {}
	}
}